epoch,stats_g/mean,stats_g/std,stats_o/mean,stats_o/std,test/episodes,test/info_reward_ctrl_max,test/info_reward_ctrl_mean,test/info_reward_ctrl_min,test/info_reward_run_max,test/info_reward_run_mean,test/info_reward_run_min,test/reward_per_eps,test/steps,train/episodes,train/info_reward_ctrl_max,train/info_reward_ctrl_mean,train/info_reward_ctrl_min,train/info_reward_run_max,train/info_reward_run_mean,train/info_reward_run_min,train/reward_per_eps,train/steps
0,nan,nan,0.061221503,2.4762733,10,-0.03866058035715034,-0.08543579933504948,-0.34527666268764545,1.014675398735468,0.0023544503289387496,-0.9277641233639068,-83.08134900611071,10000,6,-0.2913742076794363,-0.2913742076794363,-0.2913742076794363,0.0181548166237998,0.0181548166237998,0.0181548166237998,nan,6000
1,nan,nan,0.07155826,2.321695,20,-0.02286694396116621,-0.33086520136372194,-0.5934429547884147,3.1048934848053378,0.6204345478293691,-1.5119463344442075,289.5693464656473,20000,7,-0.39402025456550216,-0.39402025456550216,-0.39402025456550216,0.0009208122151236193,0.0009208122151236193,0.0009208122151236193,nan,7000
2,nan,nan,0.08999009,2.5291028,30,-0.043051970911133775,-0.432659056928491,-0.5961901138969549,2.9439781404477294,0.021262308163766973,-2.3340638484924714,-411.39674876472407,30000,8,-0.4111751870983177,-0.4111751870983177,-0.4111751870983177,0.64521835842802,0.64521835842802,0.64521835842802,nan,8000
3,nan,nan,0.104476176,2.736981,40,-0.10029118594334226,-0.4675460302289779,-0.5991055801550165,3.388278896268204,0.9806339979030552,-1.3302545634945773,513.0879676740772,40000,9,-0.41340796639077754,-0.41340796639077754,-0.41340796639077754,0.8494269778227309,0.8494269778227309,0.8494269778227309,nan,9000
4,nan,nan,0.11764964,2.9196503,50,-0.05204653884439783,-0.40155815629239666,-0.6000000000000001,3.928933047140797,0.0414491652255013,-4.043745181054756,-360.1089910668953,50000,10,-0.4117175179608163,-0.4117175179608163,-0.4117175179608163,0.8569157631528466,0.8569157631528466,0.8569157631528466,nan,10000
5,nan,nan,0.12461896,3.035271,60,-0.09075743262487454,-0.43861863572425763,-0.5999809989419319,4.20705215580135,0.7641456373238943,-2.310305703508977,325.5270015996366,60000,11,-0.4028619456404197,-0.4028619456404197,-0.4028619456404197,0.9870796851114547,0.9870796851114547,0.9870796851114547,nan,11000
6,nan,nan,0.13240702,3.106372,70,-0.05790772095609667,-0.43255520466556874,-0.6000000000000001,4.973263978190126,1.0583355011760955,-3.2868992035806843,625.7802965105269,70000,12,-0.3581410662570402,-0.3581410662570402,-0.3581410662570402,1.144592379878694,1.144592379878694,1.144592379878694,nan,12000
7,nan,nan,0.12814343,3.1580822,80,-0.12236428782922842,-0.4794890955523566,-0.5999999284744391,4.668004742995464,1.372076156889887,-2.2202296148308953,892.5870613375306,80000,13,-0.452765286894439,-0.452765286894439,-0.452765286894439,1.443828316402636,1.443828316402636,1.443828316402636,nan,13000
8,nan,nan,0.13322769,3.226354,90,-0.15146545358891378,-0.4733639907201047,-0.6000000000000001,4.754572744982113,1.0951230004947974,-2.485651898147907,621.7590097746928,90000,14,-0.3931041779133698,-0.3931041779133698,-0.3931041779133698,1.2915462038458088,1.2915462038458088,1.2915462038458088,nan,14000
9,nan,nan,0.13178721,3.2528322,100,-0.08088053999243257,-0.4791714052835548,-0.5999994397171239,5.056264319794863,1.9333989402976335,-1.3770212674955373,1454.2275350140787,100000,15,-0.445882519000203,-0.445882519000203,-0.445882519000203,0.8845459479300805,0.8845459479300805,0.8845459479300805,nan,15000
10,nan,nan,0.130683,3.279227,110,-0.13561539946572188,-0.5117960129530149,-0.6000000000000001,5.873599147636668,2.272075086950179,-1.794218518541868,1760.2790739971642,110000,16,-0.47716478144267815,-0.47716478144267815,-0.47716478144267815,1.2993813945806731,1.2993813945806731,1.2993813945806731,nan,16000
11,nan,nan,0.12919651,3.3046606,120,-0.10023272635569756,-0.5056020263974387,-0.5999994277960248,5.866254633017434,1.887464851749836,-2.152769045232219,1381.8628253523975,120000,17,-0.4603420603293184,-0.4603420603293184,-0.4603420603293184,1.9984538717127809,1.9984538717127809,1.9984538717127809,nan,17000
12,nan,nan,0.12965457,3.3243737,130,-0.15689180320262464,-0.5103935877871211,-0.6000000000000001,5.145305244629981,1.0073688141397026,-2.4216242918680715,496.9752263525814,130000,18,-0.429670575608248,-0.429670575608248,-0.429670575608248,2.141694705803481,2.141694705803481,2.141694705803481,nan,18000
13,nan,nan,0.112285495,3.3261616,140,-0.17617156359308572,-0.5470061242776072,-0.6000000000000001,5.271034935758507,1.5257123372308554,-2.4813115344117698,978.7062129532485,140000,19,-0.5530117611444104,-0.5530117611444104,-0.5530117611444104,0.00738979783222149,0.00738979783222149,0.00738979783222149,nan,19000
14,nan,nan,0.09970131,3.36492,150,-0.10460707035570455,-0.5170329468922942,-0.6000000000000001,6.169819069014011,2.7534819629375864,-1.5878495177610241,2236.4490160452924,150000,20,-0.528233007361887,-0.528233007361887,-0.528233007361887,0.06654762664706126,0.06654762664706126,0.06654762664706126,nan,20000
15,nan,nan,0.10096308,3.3903549,160,-0.18216392379132823,-0.49418357510426497,-0.6000000000000001,5.9658167722759,3.208511398233248,-1.4611455115856131,2714.327823128983,160000,21,-0.47663960931896837,-0.47663960931896837,-0.47663960931896837,2.6706914744127914,2.6706914744127914,2.6706914744127914,nan,21000
16,nan,nan,0.10386914,3.4009001,170,-0.09607014664237873,-0.48055311981014437,-0.6000000000000001,5.432256246336351,2.5389800511604537,-1.4030205047401978,2058.426931350309,170000,22,-0.44311330579251595,-0.44311330579251595,-0.44311330579251595,3.018242031550094,3.018242031550094,3.018242031550094,nan,22000
17,nan,nan,0.10680577,3.4020174,180,-0.1018346566326895,-0.4129461477749886,-0.6000000000000001,4.755014925234917,3.0032394310216386,-2.617771206166992,2590.29328324665,180000,23,-0.4345035036798853,-0.4345035036798853,-0.4345035036798853,3.233650891448582,3.233650891448582,3.233650891448582,nan,23000
18,nan,nan,0.11002896,3.4092112,190,-0.06049028707622842,-0.4652999741224793,-0.6000000000000001,5.81547927666179,2.9117626887301062,-2.100730736427181,2446.4627146076273,190000,24,-0.42153092991707114,-0.42153092991707114,-0.42153092991707114,3.479786786064701,3.479786786064701,3.479786786064701,nan,24000
19,nan,nan,0.113658845,3.4227538,200,-0.07992607350206388,-0.49168425012350964,-0.6000000000000001,6.851636631114388,2.539450672707253,-2.038637553365561,2047.7664225837434,200000,25,-0.4567015537248559,-0.4567015537248559,-0.4567015537248559,2.195364754939059,2.195364754939059,2.195364754939059,nan,25000
20,nan,nan,0.11725044,3.4606676,210,-0.051247243749987396,-0.4774423221200195,-0.6000000000000001,6.615452388668928,3.4755275251798534,-1.7750799295136677,2998.085203059834,210000,26,-0.48976593595263856,-0.48976593595263856,-0.48976593595263856,1.024475249024109,1.024475249024109,1.024475249024109,nan,26000
21,nan,nan,0.12119132,3.4743109,220,-0.0949757654109872,-0.4792191620187066,-0.6000000000000001,6.923363200794483,3.6671834977657456,-1.6966380901599503,3187.964335747039,220000,27,-0.4329685376644761,-0.4329685376644761,-0.4329685376644761,3.930480127317109,3.930480127317109,3.930480127317109,nan,27000
22,nan,nan,0.12478322,3.4921439,230,-0.07417768057768118,-0.46611626133012735,-0.5999999284744391,6.744675891733323,4.012759476882194,-1.16182774123676,3546.643215552067,230000,28,-0.450572027643974,-0.450572027643974,-0.450572027643974,3.6707547938540084,3.6707547938540084,3.6707547938540084,nan,28000
23,nan,nan,0.12826958,3.5056236,240,-0.03168639436820888,-0.4578889948908076,-0.6000000000000001,7.066937718460622,4.2425223361264015,-1.5804485114807898,3784.633341235594,240000,29,-0.4291186142378857,-0.4291186142378857,-0.4291186142378857,3.7750086969998997,3.7750086969998997,3.7750086969998997,nan,29000
24,nan,nan,0.13245212,3.5190861,250,-0.09299749077933928,-0.4642018589755444,-0.5999999284744391,6.549993681146589,3.8576844458672315,-1.546279943252859,3393.4825868916873,250000,30,-0.4312355250353226,-0.4312355250353226,-0.4312355250353226,3.9770861346919917,3.9770861346919917,3.9770861346919917,nan,30000
25,nan,nan,0.13658349,3.5285366,260,-0.1425206847243394,-0.4608088228398573,-0.5999992728246557,7.4335700149902095,4.37743108403907,-2.0902789147165346,3916.6222611992125,260000,31,-0.43355762733647785,-0.43355762733647785,-0.43355762733647785,4.127792869517166,4.127792869517166,4.127792869517166,nan,31000
26,nan,nan,0.14067557,3.5450368,270,-0.1445765810094741,-0.46686569357488306,-0.5999998927116682,6.764231298269294,3.4079296342998497,-3.3985447479931707,2941.0639407249664,270000,32,-0.48358607297198203,-0.48358607297198203,-0.48358607297198203,1.1242125385901904,1.1242125385901904,1.1242125385901904,nan,32000
27,nan,nan,0.14436111,3.558315,280,-0.08906490978372882,-0.44000947346234354,-0.6000000000000001,7.162034508696138,4.085334201444442,-1.1249461185054388,3645.324727982098,280000,33,-0.4372102744870826,-0.4372102744870826,-0.4372102744870826,4.1502392274396,4.1502392274396,4.1502392274396,nan,33000
28,nan,nan,0.14836065,3.5723789,290,-0.11440785409734072,-0.46699975056721293,-0.5999991774575936,7.117859059187026,4.338613132391678,-1.090426964654377,3871.613381824466,290000,34,-0.4363390416336028,-0.4363390416336028,-0.4363390416336028,4.406749461160443,4.406749461160443,4.406749461160443,nan,34000
29,nan,nan,0.15203948,3.5864902,300,-0.12542758507457616,-0.48907980933221135,-0.5999994993216106,7.123754895347361,4.3626064935536135,-1.1108665778580007,3873.5266842214014,300000,35,-0.4632862489459629,-0.4632862489459629,-0.4632862489459629,4.416056372830045,4.416056372830045,4.416056372830045,nan,35000
30,nan,nan,0.15507254,3.6001072,310,-0.13548670081462721,-0.4920389666275878,-0.6000000000000001,8.294263670429416,4.615862725436486,-2.246263960104361,4123.823758808899,310000,36,-0.4675107103423543,-0.4675107103423543,-0.4675107103423543,4.110920187210396,4.110920187210396,4.110920187210396,nan,36000
31,nan,nan,0.1586253,3.6096423,320,-0.15579856549980442,-0.47513349952679734,-0.6000000000000001,7.542398580833378,4.766457137728966,-1.42454846661955,4291.323638202169,320000,37,-0.4485788273341244,-0.4485788273341244,-0.4485788273341244,4.513321569335134,4.513321569335134,4.513321569335134,nan,37000
32,nan,nan,0.16207913,3.617985,330,-0.1668912617643688,-0.4784216537549224,-0.6000000000000001,7.306720362931856,4.21352344431141,-0.9779092179312473,3735.1017905564886,330000,38,-0.450426876915807,-0.450426876915807,-0.450426876915807,4.643100246892417,4.643100246892417,4.643100246892417,nan,38000
33,nan,nan,0.16505545,3.624638,340,-0.10251060511116593,-0.4612462023994505,-0.6000000000000001,7.910181621994639,4.830560150857252,-1.2993771876241,4369.313948457802,340000,39,-0.44429969436396033,-0.44429969436396033,-0.44429969436396033,4.468012008640903,4.468012008640903,4.468012008640903,nan,39000
34,nan,nan,0.16768304,3.6329288,350,-0.15594355715372255,-0.48772494485063017,-0.6000000000000001,7.977318015285562,4.765572887187817,-1.3330531375186183,4277.847942337186,350000,40,-0.44737748801730076,-0.44737748801730076,-0.44737748801730076,4.1488037145625185,4.1488037145625185,4.1488037145625185,nan,40000
35,nan,nan,0.1705555,3.6417286,360,-0.14823073309011778,-0.49192533473079036,-0.6000000000000001,7.969161866255945,5.112260484595838,-1.2502305686150434,4620.335149865049,360000,41,-0.46787593455410426,-0.46787593455410426,-0.46787593455410426,4.691812798346219,4.691812798346219,4.691812798346219,nan,41000
36,nan,nan,0.17310017,3.6496081,370,-0.12619172375315107,-0.5045890118512194,-0.6000000000000001,8.122036147923808,4.8500418110974275,-1.6873920052148461,4345.452799246208,370000,42,-0.4656231033720756,-0.4656231033720756,-0.4656231033720756,4.612222244600044,4.612222244600044,4.612222244600044,nan,42000
37,nan,nan,0.17558582,3.658548,380,-0.06581785574181753,-0.464908249986422,-0.6000000000000001,7.744104644029903,4.790553080471295,-1.286173551498444,4325.644830484873,380000,43,-0.4533554025807469,-0.4533554025807469,-0.4533554025807469,4.653760581388027,4.653760581388027,4.653760581388027,nan,43000
38,nan,nan,0.17821634,3.6653156,390,-0.15199797165124532,-0.46300980592135094,-0.5999995470050585,7.5283873526316825,4.817594137440369,-1.053083018274305,4354.584331519019,390000,44,-0.4537419890156872,-0.4537419890156872,-0.4537419890156872,4.901015151925711,4.901015151925711,4.901015151925711,nan,44000
39,nan,nan,0.18070492,3.6701198,400,-0.11696749725773287,-0.4669154517454663,-0.6000000000000001,7.3653123613348725,4.685101399210437,-0.9811956839963739,4218.18594746497,400000,45,-0.44253820798417204,-0.44253820798417204,-0.44253820798417204,4.541998019459373,4.541998019459373,4.541998019459373,nan,45000
40,nan,nan,0.1831987,3.6756313,410,-0.12409836846306749,-0.465795795417301,-0.5999979019239277,7.621466190838078,4.847616453561171,-1.0071106783511365,4381.820658143869,410000,46,-0.4325036002181823,-0.4325036002181823,-0.4325036002181823,5.112827208799125,5.112827208799125,5.112827208799125,nan,46000
41,nan,nan,0.18528591,3.6784837,420,-0.054004693532203274,-0.4543524202840179,-0.6000000000000001,7.0999085014059915,4.521144014759009,-1.268213123371677,4066.791594474991,420000,47,-0.4228887768535312,-0.4228887768535312,-0.4228887768535312,4.435781068112012,4.435781068112012,4.435781068112012,nan,47000
42,nan,nan,0.18742019,3.6795645,430,-0.040739434092591044,-0.4711699461962613,-0.599999880790746,8.08232381222922,4.663901308176893,-1.159584424488841,4192.731361980632,430000,48,-0.44251776656122177,-0.44251776656122177,-0.44251776656122177,4.8766681111454435,4.8766681111454435,4.8766681111454435,nan,48000
43,nan,nan,0.1893755,3.680103,440,-0.14054748336635828,-0.4768494692388925,-0.6000000000000001,7.30671116734527,4.650150244694936,-1.0750744851686673,4173.300775456044,440000,49,-0.44129566587904795,-0.44129566587904795,-0.44129566587904795,4.67362233063338,4.67362233063338,4.67362233063338,nan,49000
44,nan,nan,0.19142273,3.6809666,450,-0.10774871046650998,-0.45633371729490335,-0.6000000000000001,7.232696305699164,4.719477839585864,-1.2370134500067949,4263.144122290961,450000,50,-0.4200656299663329,-0.4200656299663329,-0.4200656299663329,4.636609155827803,4.636609155827803,4.636609155827803,nan,50000
45,nan,nan,0.19332568,3.6823406,460,-0.16044614622080677,-0.47838312450510145,-0.6000000000000001,8.178884755532891,5.366502860447602,-1.4903912117818914,4888.1197359425005,460000,51,-0.4403205159168444,-0.4403205159168444,-0.4403205159168444,5.1428468033590855,5.1428468033590855,5.1428468033590855,nan,51000
46,nan,nan,0.19549754,3.6842592,470,-0.05279639863483543,-0.44307031494854165,-0.6000000000000001,7.525985120613754,4.951103418999926,-1.0430600775777392,4508.033104051385,470000,52,-0.4449716259886901,-0.4449716259886901,-0.4449716259886901,4.811447546272722,4.811447546272722,4.811447546272722,nan,52000
47,nan,nan,0.19796202,3.6847332,480,-0.05422971636028794,-0.43657805493650914,-0.5999999046325911,7.877494642400507,5.162606369432855,-0.627054056202993,4726.028314496346,480000,53,-0.4216206908183576,-0.4216206908183576,-0.4216206908183576,5.051974521073568,5.051974521073568,5.051974521073568,nan,53000
48,nan,nan,0.20005785,3.6859775,490,-0.04720611765443596,-0.4541009396598107,-0.5999992132192077,7.739998654206488,4.991864520598046,-1.3117487545472122,4537.763580938236,490000,54,-0.4371368481736216,-0.4371368481736216,-0.4371368481736216,4.761859547472877,4.761859547472877,4.761859547472877,nan,54000
49,nan,nan,0.20184976,3.6879783,500,-0.1255483874279801,-0.49631032992531193,-0.6000000000000001,8.11794096354447,4.90866096341908,-1.882124754134793,4412.350633493767,500000,55,-0.44975761509436685,-0.44975761509436685,-0.44975761509436685,4.797258035726941,4.797258035726941,4.797258035726941,nan,55000
50,nan,nan,0.20379286,3.6897068,510,-0.144361566302253,-0.48408461009780723,-0.5999992132202365,8.279694433361655,5.468379821822577,-1.0128211663590003,4984.2952117247705,510000,56,-0.456072783859512,-0.456072783859512,-0.456072783859512,4.648431842702536,4.648431842702536,4.648431842702536,nan,56000
51,nan,nan,0.20547128,3.690663,520,-0.059497477425798466,-0.451511440257409,-0.5998373323451265,7.40678588315582,4.777443370912575,-0.5517162529838477,4325.931930655167,520000,57,-0.42241718348977436,-0.42241718348977436,-0.42241718348977436,4.903961368135951,4.903961368135951,4.903961368135951,nan,57000
52,nan,nan,0.2071687,3.6917064,530,-0.044199175651969715,-0.4391063438241182,-0.6000000000000001,8.184485536673947,5.547090524237488,-1.1730501191539588,5107.984180413368,530000,58,-0.42214307948869634,-0.42214307948869634,-0.42214307948869634,5.144257007260688,5.144257007260688,5.144257007260688,nan,58000
53,nan,nan,0.20862724,3.690602,540,-0.10227085215726238,-0.45442364693328163,-0.5999998331070302,8.361645850552009,5.112793028897849,-1.1070396527449133,4658.369381964569,540000,59,-0.4324534178726651,-0.4324534178726651,-0.4324534178726651,4.90263549808845,4.90263549808845,4.90263549808845,nan,59000
54,nan,nan,0.21020831,3.6907814,550,-0.17622171856184496,-0.4928163213501919,-0.6000000000000001,8.250928882164885,5.471017282060936,-1.402510725905478,4978.200960710744,550000,60,-0.44891448295690056,-0.44891448295690056,-0.44891448295690056,5.275391849202412,5.275391849202412,5.275391849202412,nan,60000
55,nan,nan,0.2117285,3.6916432,560,-0.12574501118339396,-0.47856807470105306,-0.5999958396174453,8.279011928635782,5.384237565080002,-0.8795756415155059,4905.6694903789485,560000,61,-0.4545858944388393,-0.4545858944388393,-0.4545858944388393,4.745837472825872,4.745837472825872,4.745837472825872,nan,61000
56,nan,nan,0.21346676,3.6939793,570,-0.11780979238594805,-0.48854585552962815,-0.6000000000000001,8.220550314737238,5.280564642454419,-1.082243453239324,4792.018786924791,570000,62,-0.4536245632111546,-0.4536245632111546,-0.4536245632111546,5.303755121711668,5.303755121711668,5.303755121711668,nan,62000
57,nan,nan,0.21493141,3.6945062,580,-0.07757312277827402,-0.4681460430597871,-0.6000000000000001,7.95279441944615,5.183887956534622,-1.0637686889545095,4715.741913474834,580000,63,-0.4435447578277714,-0.4435447578277714,-0.4435447578277714,5.16901132496201,5.16901132496201,5.16901132496201,nan,63000
58,nan,nan,0.21653424,3.6954982,590,-0.13373786880576607,-0.49527107352887995,-0.6000000000000001,8.15216460611623,4.953997465940951,-1.7223230034463324,4458.72639241207,590000,64,-0.4594403589965023,-0.4594403589965023,-0.4594403589965023,5.3224888732555895,5.3224888732555895,5.3224888732555895,nan,64000
59,nan,nan,0.21794032,3.6940637,600,-0.15963070520826658,-0.48808390830281817,-0.6000000000000001,8.399076841924682,5.585018137956505,-0.782451036670206,5096.934229653687,600000,65,-0.4437733041459062,-0.4437733041459062,-0.4437733041459062,4.907530011185789,4.907530011185789,4.907530011185789,nan,65000
60,nan,nan,0.21922544,3.6939754,610,-0.12350891205976021,-0.45772967799300834,-0.6000000000000001,8.0466716035653,5.341213871999805,-0.7897560120123392,4883.484194006795,610000,66,-0.42969274933121426,-0.42969274933121426,-0.42969274933121426,5.239722529090386,5.239722529090386,5.239722529090386,nan,66000
61,nan,nan,0.22073972,3.6952615,620,-0.11971154080473584,-0.4706635219616208,-0.5999982833919859,9.000363956649835,5.858390873283804,-0.9365071784510922,5387.727351322183,620000,67,-0.43875831215326627,-0.43875831215326627,-0.43875831215326627,5.346015080646459,5.346015080646459,5.346015080646459,nan,67000
62,nan,nan,0.22254707,3.696606,630,-0.13290806007281838,-0.4646307166309729,-0.5999859811742582,8.88151176022376,5.7861528878971304,-0.734377199344485,5321.522171266157,630000,68,-0.44607334602233606,-0.44607334602233606,-0.44607334602233606,5.754181783410437,5.754181783410437,5.754181783410437,nan,68000
63,nan,nan,0.22418396,3.6984038,640,-0.06359953347384943,-0.47720753502295993,-0.6000000000000001,7.988542686836553,5.286039367740358,-1.0911759800322047,4808.831832717398,640000,69,-0.4575953412279625,-0.4575953412279625,-0.4575953412279625,5.623941891445138,5.623941891445138,5.623941891445138,nan,69000
64,nan,nan,0.22565784,3.6990788,650,-0.07097017485508668,-0.47449454046849826,-0.6000000000000001,8.26289402647376,5.674565215970955,-0.48909630238007246,5200.070675502457,650000,70,-0.45889856322763345,-0.45889856322763345,-0.45889856322763345,5.413717785398448,5.413717785398448,5.413717785398448,nan,70000
65,nan,nan,0.2272907,3.6997547,660,-0.15166568665223068,-0.48300185482203906,-0.5999971628311279,9.021833750327346,5.905578859130903,-0.9715303144149795,5422.577004308865,660000,71,-0.4515665733447313,-0.4515665733447313,-0.4515665733447313,6.201971092656798,6.201971092656798,6.201971092656798,nan,71000
66,nan,nan,0.22876386,3.699977,670,-0.0897265255743353,-0.4755460880742446,-0.5999996066097314,9.111652297396517,6.053110530776525,-1.411479390273911,5577.564442702281,670000,72,-0.44484526663218654,-0.44484526663218654,-0.44484526663218654,5.4834405492635865,5.4834405492635865,5.4834405492635865,nan,72000
67,nan,nan,0.23045564,3.7011056,680,-0.12243354146460805,-0.49147482494903705,-0.5999963999118577,8.646194474458184,5.517446520737478,-0.9917323211972503,5025.97169578844,680000,73,-0.4595669990142875,-0.4595669990142875,-0.4595669990142875,5.582492406893184,5.582492406893184,5.582492406893184,nan,73000
68,nan,nan,0.23197968,3.7028596,690,-0.07895649694918015,-0.4671803021758892,-0.5999965190998972,8.896898511958966,6.103401245580164,-0.7886113312986772,5636.220943404275,690000,74,-0.4501294647975974,-0.4501294647975974,-0.4501294647975974,5.899637834262074,5.899637834262074,5.899637834262074,nan,74000
69,nan,nan,0.2336477,3.7060452,700,-0.1328707282561374,-0.47874190340002487,-0.5999995350843111,9.214682211526224,6.184767631228513,-1.028837307938131,5706.025727828488,700000,75,-0.46598032420756935,-0.46598032420756935,-0.46598032420756935,6.123325574250696,6.123325574250696,6.123325574250696,nan,75000
70,nan,nan,0.23514934,3.7076778,710,-0.11906343661951879,-0.4637011160447827,-0.5999767070666827,8.92699535553703,5.960447918879917,-0.7704822280408391,5496.746802835134,710000,76,-0.4405351136282251,-0.4405351136282251,-0.4405351136282251,5.905650142458827,5.905650142458827,5.905650142458827,nan,76000
71,nan,nan,0.23639098,3.7081814,720,-0.14441096172595363,-0.47742532049290737,-0.6000000000000001,9.239575026537636,6.0185124244845385,-0.8712278014143565,5541.08710399163,720000,77,-0.442673232774652,-0.442673232774652,-0.442673232774652,6.107122508877446,6.107122508877446,6.107122508877446,nan,77000
72,nan,nan,0.23783849,3.709915,730,-0.15894296878729952,-0.48071880628393954,-0.5999963879911437,9.055947560268578,6.008499755420795,-0.7441401709038289,5527.780949136856,730000,78,-0.45737175212266273,-0.45737175212266273,-0.45737175212266273,5.96333750890917,5.96333750890917,5.96333750890917,nan,78000
73,nan,nan,0.23937789,3.711833,740,-0.1487876870610024,-0.5031847548679272,-0.6000000000000001,10.113799384027402,6.313715394739649,-0.6455335071635663,5810.530639871722,740000,79,-0.46181185752167125,-0.46181185752167125,-0.46181185752167125,6.261849028938091,6.261849028938091,6.261849028938091,nan,79000
74,nan,nan,0.24076395,3.713268,750,-0.08056254529258018,-0.5073543115714381,-0.6000000000000001,9.133893523527377,5.8564950001232665,-0.8875777807213254,5349.140688551828,750000,80,-0.4546312338689622,-0.4546312338689622,-0.4546312338689622,6.202861275267998,6.202861275267998,6.202861275267998,nan,80000
75,nan,nan,0.24231516,3.7157192,760,-0.14942259962103763,-0.4974052919306755,-0.6000000000000001,10.013831263521524,6.692234173891647,-0.7894651319820332,6194.828881960971,760000,81,-0.45922756613107557,-0.45922756613107557,-0.45922756613107557,6.400852208422047,6.400852208422047,6.400852208422047,nan,81000
76,nan,nan,0.24370979,3.7174363,770,-0.12634241028637608,-0.49212166942536006,-0.6000000000000001,9.791908690431228,5.903226151986463,-1.1270369137565694,5411.1044825611025,770000,82,-0.4544335316928078,-0.4544335316928078,-0.4544335316928078,6.0540662411001085,6.0540662411001085,6.0540662411001085,nan,82000
77,nan,nan,0.24506515,3.717751,780,-0.08213300731029174,-0.46505022166962845,-0.6000000000000001,9.245252607151428,6.153991789545435,-0.701342578751501,5688.941567875806,780000,83,-0.43920554184319677,-0.43920554184319677,-0.43920554184319677,6.0707591731198685,6.0707591731198685,6.0707591731198685,nan,83000
78,nan,nan,0.24648759,3.7182117,790,-0.11363028379264367,-0.45434256499850123,-0.5999836925047163,8.987381684303273,6.030746329767014,-0.9708833786717144,5576.403764768513,790000,84,-0.45159444543049804,-0.45159444543049804,-0.45159444543049804,6.4044633457306785,6.4044633457306785,6.4044633457306785,nan,84000
79,nan,nan,0.24773093,3.7184997,800,-0.09783658940195011,-0.4710831484363002,-0.5999953985382128,10.205975744214584,6.448173610900802,-0.8937226714103236,5977.090462464502,800000,85,-0.4302893466333232,-0.4302893466333232,-0.4302893466333232,6.418850385601864,6.418850385601864,6.418850385601864,nan,85000
80,nan,nan,0.24932317,3.7204003,810,-0.1370364360552739,-0.4918049470407956,-0.5999995708468902,9.5975730990898,6.0878320177940495,-0.8677028293198142,5596.027070753253,810000,86,-0.4433629667069097,-0.4433629667069097,-0.4433629667069097,6.43610123809172,6.43610123809172,6.43610123809172,nan,86000
81,nan,nan,0.25102422,3.7216935,820,-0.15699763772475173,-0.47747732895410555,-0.5999999403953641,9.964825478044759,6.729502093425812,-0.7543202297564002,6252.024764471707,820000,87,-0.4534274113573952,-0.4534274113573952,-0.4534274113573952,6.743312437808677,6.743312437808677,6.743312437808677,nan,87000
82,nan,nan,0.25252423,3.723187,830,-0.14844848297280688,-0.5015467230763143,-0.6000000000000001,10.299813677391967,6.340235795278295,-0.7556650080429137,5838.68907220198,830000,88,-0.45494451025118005,-0.45494451025118005,-0.45494451025118005,6.548465442287962,6.548465442287962,6.548465442287962,nan,88000
83,nan,nan,0.2539111,3.724228,840,-0.10558612321358529,-0.4689888487187698,-0.5999532965492378,9.218832283485199,6.2601177384770565,-0.8466206881517825,5791.128889758287,840000,89,-0.4567362275473596,-0.4567362275473596,-0.4567362275473596,6.207766434512128,6.207766434512128,6.207766434512128,nan,89000
84,nan,nan,0.2552797,3.7249897,850,-0.1322612996223562,-0.4654758317701172,-0.5999377227934712,9.692652226891028,6.720390802856326,-0.8004335458759182,6254.914971086209,850000,90,-0.4433350830848637,-0.4433350830848637,-0.4433350830848637,6.4810648997239335,6.4810648997239335,6.4810648997239335,nan,90000
85,nan,nan,0.2564528,3.7251425,860,-0.11594941472367958,-0.4709290989172476,-0.5999789603177351,9.978264098372733,6.292937741039236,-0.6551611627600736,5822.0086421219885,860000,91,-0.4429675025076028,-0.4429675025076028,-0.4429675025076028,5.904140191655532,5.904140191655532,5.904140191655532,nan,91000
86,nan,nan,0.25801122,3.7268507,870,-0.09015401747548371,-0.4797903436077332,-0.6000000000000001,10.29961067697343,5.981487700999884,-3.230574485127704,5501.697357392151,870000,92,-0.4436750943516203,-0.4436750943516203,-0.4436750943516203,6.797541668530732,6.797541668530732,6.797541668530732,nan,92000
87,nan,nan,0.25941116,3.7278798,880,-0.07233111286445508,-0.47878027371403303,-0.5999991178523644,9.999041003676439,6.711948115188116,-0.8196193024050664,6233.167841474084,880000,93,-0.44649625356266387,-0.44649625356266387,-0.44649625356266387,6.509024744792177,6.509024744792177,6.509024744792177,nan,93000
88,nan,nan,0.26071617,3.72931,890,-0.10600916263898728,-0.47513676004606487,-0.6000000000000001,10.298982556900569,6.989363645136045,-0.9143963054742105,6514.22688508998,890000,94,-0.44603905040002767,-0.44603905040002767,-0.44603905040002767,6.316242030858306,6.316242030858306,6.316242030858306,nan,94000
89,nan,nan,0.2620416,3.7304463,900,-0.0410452469768998,-0.4653473858672296,-0.5999994158747957,9.521557259012638,6.248318448216492,-0.7803844727137943,5782.971062349262,900000,95,-0.43955522670645014,-0.43955522670645014,-0.43955522670645014,6.379669434124383,6.379669434124383,6.379669434124383,nan,95000
90,nan,nan,0.26328897,3.7313251,910,-0.040509319552292436,-0.47162846868981007,-0.6000000000000001,9.639425634137524,6.195152850555615,-1.8102019724619822,5723.5243818658055,910000,96,-0.4346428118933812,-0.4346428118933812,-0.4346428118933812,6.618021795824018,6.618021795824018,6.618021795824018,nan,96000
91,nan,nan,0.2646056,3.7329702,920,-0.03813904518919685,-0.4790778424692482,-0.6000000000000001,10.149358193446005,6.238559663061678,-1.8135734635063727,5759.481820592429,920000,97,-0.43769514870703236,-0.43769514870703236,-0.43769514870703236,6.676131312886253,6.676131312886253,6.676131312886253,nan,97000
92,nan,nan,0.26613066,3.7343411,930,-0.09572023715394924,-0.477767594344745,-0.6000000000000001,10.277294752533237,6.636627047138029,-0.7983487245628923,6158.8594527932855,930000,98,-0.45080963062304147,-0.45080963062304147,-0.45080963062304147,6.891164234117606,6.891164234117606,6.891164234117606,nan,98000
93,nan,nan,0.26748317,3.735781,940,-0.08263477142172278,-0.4551108306188943,-0.5999947786606719,10.202168164909153,6.8866099903468525,-1.5076446911745955,6431.499159727958,940000,99,-0.44222909039270214,-0.44222909039270214,-0.44222909039270214,6.849606300924766,6.849606300924766,6.849606300924766,nan,99000
94,nan,nan,0.2688456,3.736452,950,-0.1183550731665451,-0.45766942168871044,-0.5999738460602366,10.533566188752843,7.065811735502701,-0.8262081507311699,6608.142313813989,950000,100,-0.43927416624029336,-0.43927416624029336,-0.43927416624029336,6.934905808347762,6.934905808347762,6.934905808347762,nan,100000
95,nan,nan,0.27017426,3.7374215,960,-0.08038659027966347,-0.46376780314669713,-0.5999754675891289,10.459168956084568,7.085376803941159,-0.7337821232784852,6621.609000794461,960000,101,-0.43505705713349907,-0.43505705713349907,-0.43505705713349907,6.687704919536409,6.687704919536409,6.687704919536409,nan,101000
96,nan,nan,0.2715734,3.7391982,970,-0.08229178633815888,-0.4752801330303385,-0.5999996185304582,10.402626861383624,7.156135341603227,-0.9805380823987139,6680.855208572888,970000,102,-0.4520805385290379,-0.4520805385290379,-0.4520805385290379,7.296144512343766,7.296144512343766,7.296144512343766,nan,102000
97,nan,nan,0.2728379,3.739772,980,-0.04811082120764355,-0.4502772356838507,-0.6000000000000001,10.5740575055529,7.0166825112328555,-1.0531246264532834,6566.405275549007,980000,103,-0.4347865747161874,-0.4347865747161874,-0.4347865747161874,7.00096440959509,7.00096440959509,7.00096440959509,nan,103000
98,nan,nan,0.27403504,3.740427,990,-0.13646351301864457,-0.4893690138195816,-0.6000000000000001,10.962268406699991,6.435006754988586,-2.007895790866314,5945.637741169005,990000,104,-0.4438814153086193,-0.4438814153086193,-0.4438814153086193,6.3724579172764,6.3724579172764,6.3724579172764,nan,104000
99,nan,nan,0.27530083,3.7409153,1000,-0.13571432824216356,-0.4752219752133922,-0.5999265544447511,10.838443022015554,7.175123554902837,-0.6067299260349837,6699.901579689444,1000000,105,-0.4454182648035603,-0.4454182648035603,-0.4454182648035603,6.441114340363765,6.441114340363765,6.441114340363765,nan,105000
100,nan,nan,0.27641922,3.741384,1010,-0.06901261626925088,-0.47142592421083757,-0.5999999642372164,10.881699738492898,6.931764067454173,-0.8481791899133156,6460.338143243336,1010000,106,-0.4489759459657724,-0.4489759459657724,-0.4489759459657724,6.683728126381179,6.683728126381179,6.683728126381179,nan,106000
101,nan,nan,0.2774619,3.741875,1020,-0.11807130264110964,-0.48395242848990694,-0.6000000000000001,10.64316000580078,6.620610791754184,-2.5957797383932757,6136.658363264278,1020000,107,-0.4598611974433497,-0.4598611974433497,-0.4598611974433497,6.777391940995085,6.777391940995085,6.777391940995085,nan,107000
102,nan,nan,0.27871817,3.742787,1030,-0.1463621823762947,-0.46878823007622306,-0.5999897600569402,10.123230125123115,6.6571155496296255,-0.8157059183779849,6188.327319553402,1030000,108,-0.431502681814875,-0.431502681814875,-0.431502681814875,6.717275697805212,6.717275697805212,6.717275697805212,nan,108000
103,nan,nan,0.27996108,3.7443345,1040,-0.05122937097340177,-0.4601755978532905,-0.5999650508841946,11.005220512835052,7.337251575792925,-0.7825561695164549,6877.075977939635,1040000,109,-0.445920435199035,-0.445920435199035,-0.445920435199035,6.891970743806389,6.891970743806389,6.891970743806389,nan,109000
104,nan,nan,0.28041962,3.7440603,1050,-0.05788903722807313,-0.48356574168998995,-0.5999934197265866,10.548269755351214,7.153913652779396,-0.8478960355597294,6670.347911089407,1050000,110,-0.5294977487564622,-0.5294977487564622,-0.5294977487564622,0.00850017331727031,0.00850017331727031,0.00850017331727031,nan,110000
105,nan,nan,0.28174576,3.745921,1060,-0.10188238217888285,-0.4673978034834223,-0.5999794493383007,11.058805199641597,7.449596047807908,-1.1640348490074273,6982.198244324485,1060000,111,-0.4413347752687217,-0.4413347752687217,-0.4413347752687217,7.153065210930878,7.153065210930878,7.153065210930878,nan,111000
106,nan,nan,0.28302643,3.74744,1070,-0.10823699355578563,-0.4737397028871097,-0.6000000000000001,10.239989439322699,6.595042679362291,-0.8406768885585159,6121.302976475182,1070000,112,-0.44437645333852627,-0.44437645333852627,-0.44437645333852627,7.114231545898148,7.114231545898148,7.114231545898148,nan,112000
107,nan,nan,0.28413162,3.7486687,1080,-0.09174347077146164,-0.4747645957680631,-0.599999761581563,10.986656345891106,7.105303815384634,-0.8413813691129404,6630.53921961657,1080000,113,-0.4445257538393447,-0.4445257538393447,-0.4445257538393447,7.018819428131713,7.018819428131713,7.018819428131713,nan,113000
108,nan,nan,0.2853746,3.749776,1090,-0.09959456342042161,-0.48948276140632263,-0.6000000000000001,10.951435223096837,6.789622516536452,-0.6608701296643263,6300.139755130129,1090000,114,-0.44320067820690384,-0.44320067820690384,-0.44320067820690384,7.2002709450133535,7.2002709450133535,7.2002709450133535,nan,114000
109,nan,nan,0.2864925,3.7505074,1100,-0.11408695024122446,-0.4766134390008282,-0.5999975562183526,10.446633169138835,6.817621098145879,-0.7258715854902686,6341.007659145051,1100000,115,-0.44705685510565674,-0.44705685510565674,-0.44705685510565674,6.9424353692023,6.9424353692023,6.9424353692023,nan,115000
110,nan,nan,0.2877035,3.751638,1110,-0.10428199272192329,-0.4745806358095222,-0.5999983429950124,10.199182041559425,6.656405691249767,-0.8968193113516134,6181.825055440245,1110000,116,-0.4520288627890084,-0.4520288627890084,-0.4520288627890084,7.419479391690803,7.419479391690803,7.419479391690803,nan,116000
111,nan,nan,0.28874612,3.7521324,1120,-0.09742332372268123,-0.46642582525874693,-0.5999890925242543,10.683267881871075,7.35239889231588,-0.5472658673174282,6885.973067057134,1120000,117,-0.4423490593724213,-0.4423490593724213,-0.4423490593724213,6.701145581588956,6.701145581588956,6.701145581588956,nan,117000
112,nan,nan,0.289874,3.753395,1130,-0.10513858301708696,-0.4708541116016379,-0.5999998569489037,10.859925337750838,7.258563137715787,-0.5292107756855005,6787.709026114149,1130000,118,-0.4394139509617937,-0.4394139509617937,-0.4394139509617937,6.828364634818566,6.828364634818566,6.828364634818566,nan,118000
113,nan,nan,0.2910053,3.7546835,1140,-0.09277249138608326,-0.45832767572803434,-0.5999954581694799,11.084192971933362,7.614273856544745,-0.6864169688308702,7155.946180816711,1140000,119,-0.43474053451724054,-0.43474053451724054,-0.43474053451724054,7.810797210022738,7.810797210022738,7.810797210022738,nan,119000
114,nan,nan,0.2922707,3.7559571,1150,-0.14197390020061287,-0.4765400418427158,-0.5999984145185447,10.67708615526385,7.189633961744879,-0.7483170072936175,6713.093919902164,1150000,120,-0.4457610410297171,-0.4457610410297171,-0.4457610410297171,7.115912242844562,7.115912242844562,7.115912242844562,nan,120000
115,nan,nan,0.29338458,3.7564487,1160,-0.14459186741459296,-0.46988486244686517,-0.6000000000000001,10.813570385306548,7.280740695197318,-0.6101195383661269,6810.855832750455,1160000,121,-0.45191801151187205,-0.45191801151187205,-0.45191801151187205,6.976143931882856,6.976143931882856,6.976143931882856,nan,121000
116,nan,nan,0.29449463,3.7584486,1170,-0.10482150844892926,-0.4735662064653375,-0.5999817852369453,10.748777461004693,7.271903077304084,-0.8208496106591434,6798.336870838747,1170000,122,-0.4548135791665997,-0.4548135791665997,-0.4548135791665997,7.505241302916093,7.505241302916093,7.505241302916093,nan,122000
117,nan,nan,0.29557577,3.7598448,1180,-0.13155350265627272,-0.47614365562972144,-0.5999970793867011,10.45885760829293,6.963285374234193,-0.8944577901126197,6487.141718604473,1180000,123,-0.44581634999967956,-0.44581634999967956,-0.44581634999967956,7.4720955664248985,7.4720955664248985,7.4720955664248985,nan,123000
118,nan,nan,0.29650265,3.7616827,1190,-0.055089394163854125,-0.46279967606880645,-0.5999629528284842,10.414058989619264,6.9497305749052485,-0.8255288743534319,6486.930898836443,1190000,124,-0.4399587149828315,-0.4399587149828315,-0.4399587149828315,6.514545824347169,6.514545824347169,6.514545824347169,nan,124000
119,nan,nan,0.29760692,3.763646,1200,-0.056015589709834605,-0.4524904862170569,-0.5999865891025745,10.436924299712018,6.750100877487435,-0.6902891158839886,6297.610391270378,1200000,125,-0.43298415168093773,-0.43298415168093773,-0.43298415168093773,7.122914473491763,7.122914473491763,7.122914473491763,nan,125000
120,nan,nan,0.2983956,3.7643456,1210,-0.11545878093253077,-0.45681114183778043,-0.5999981761052527,11.112472650725067,7.397503769437137,-0.8152890433385143,6940.692627599356,1210000,126,-0.4332663716622172,-0.4332663716622172,-0.4332663716622172,6.619101250330198,6.619101250330198,6.619101250330198,nan,126000
121,nan,nan,0.29931444,3.7647822,1220,-0.11323157403068779,-0.46485688671326225,-0.6000000000000001,10.781297421181506,6.876229945964525,-0.8540966070241953,6411.373059251263,1220000,127,-0.43447182405281304,-0.43447182405281304,-0.43447182405281304,7.3459940920341555,7.3459940920341555,7.3459940920341555,nan,127000
122,nan,nan,0.29963067,3.7623591,1230,-0.09892928033799087,-0.4583895648767325,-0.6000000000000001,10.634916430285557,7.035595795932613,-0.5278810011744978,6577.206231055879,1230000,128,-0.5528073411911265,-0.5528073411911265,-0.5528073411911265,0.00015800966959128953,0.00015800966959128953,0.00015800966959128953,nan,128000
123,nan,nan,0.30043402,3.7636144,1240,-0.06626537589556872,-0.45218671768160823,-0.5999840381820566,10.807845103031184,7.099694541949028,-0.6152745862537073,6647.507824267419,1240000,129,-0.44411406656270913,-0.44411406656270913,-0.44411406656270913,7.036819282385651,7.036819282385651,7.036819282385651,nan,129000
124,nan,nan,0.30043024,3.7613175,1250,-0.1057008588500264,-0.4671379633311417,-0.6000000000000001,10.646452517472653,6.676482103648338,-0.7634597357835199,6209.344140317197,1250000,130,-0.5563843743547036,-0.5563843743547036,-0.5563843743547036,0.00025621828896949715,0.00025621828896949715,0.00025621828896949715,nan,130000
125,nan,nan,0.30113626,3.761075,1260,-0.12868244962208578,-0.44814220917440606,-0.5998910562487645,10.39760996855776,6.834932259832918,-0.5153576757471867,6386.790050658511,1260000,131,-0.43554414509718353,-0.43554414509718353,-0.43554414509718353,6.604098550517712,6.604098550517712,6.604098550517712,nan,131000
126,nan,nan,0.30183902,3.761027,1270,-0.0774061349441838,-0.4351311964960234,-0.5999116943636483,9.735407400326608,6.786722330038932,-0.5535802578769422,6351.591133542907,1270000,132,-0.42829079386977487,-0.42829079386977487,-0.42829079386977487,6.940947018079429,6.940947018079429,6.940947018079429,nan,132000
127,nan,nan,0.30269724,3.761864,1280,-0.06559000686581813,-0.46088689244931913,-0.6000000000000001,11.095579057792122,7.444784596191408,-0.9992952106459008,6983.897703742087,1280000,133,-0.43164445114653593,-0.43164445114653593,-0.43164445114653593,6.686091452407968,6.686091452407968,6.686091452407968,nan,133000
128,nan,nan,0.3035559,3.7619483,1290,-0.11120253184601943,-0.47283573520369593,-0.5999998450279836,10.054776018801306,6.348039156046088,-0.8870231212159537,5875.203420842392,1290000,134,-0.43776177297442925,-0.43776177297442925,-0.43776177297442925,6.96944302139297,6.96944302139297,6.96944302139297,nan,134000
129,nan,nan,0.30437502,3.7620077,1300,-0.08087548256330357,-0.4520758497636738,-0.5999998092652277,11.520300013539213,7.783504931486312,-0.6416001201773452,7331.429081722638,1300000,135,-0.4297543119553232,-0.4297543119553232,-0.4297543119553232,7.4021319281286315,7.4021319281286315,7.4021319281286315,nan,135000
130,nan,nan,0.30525702,3.7623036,1310,-0.11305845681539944,-0.47199157818936327,-0.5999974966104794,10.568484071235389,7.524268029324183,-0.6607884806001069,7052.276451134821,1310000,136,-0.4437495579915806,-0.4437495579915806,-0.4437495579915806,7.184443976859561,7.184443976859561,7.184443976859561,nan,136000
131,nan,nan,0.30620933,3.7628338,1320,-0.03359539719958396,-0.4401205787588241,-0.6000000000000001,10.405982877629185,7.074423061611418,-0.9168821443302022,6634.302482852593,1320000,137,-0.43506898948285455,-0.43506898948285455,-0.43506898948285455,7.49830703660576,7.49830703660576,7.49830703660576,nan,137000
132,nan,nan,0.30709338,3.7632587,1330,-0.07447080256224123,-0.4727837626873614,-0.6000000000000001,11.289833664985736,7.170208407235522,-0.6230514153502725,6697.42464454816,1330000,138,-0.43749106181996156,-0.43749106181996156,-0.43749106181996156,7.348925571531145,7.348925571531145,7.348925571531145,nan,138000
133,nan,nan,0.30802274,3.7644384,1340,-0.08441273278642243,-0.4616258687128158,-0.5999994039542805,11.35325084047679,7.83902104842767,-0.6122654276081865,7377.395179714853,1340000,139,-0.4377189515036839,-0.4377189515036839,-0.4377189515036839,7.3544958765257755,7.3544958765257755,7.3544958765257755,nan,139000
134,nan,nan,0.3088645,3.7641258,1350,-0.08001469806305132,-0.4536491998821255,-0.5999566826965029,10.886352407073048,7.09896757818056,-0.49634480572989165,6645.318378298436,1350000,140,-0.42707953277655253,-0.42707953277655253,-0.42707953277655253,6.971673280209315,6.971673280209315,6.971673280209315,nan,140000
135,nan,nan,0.30967027,3.7636962,1360,-0.06945893815955395,-0.44755041601538376,-0.5999924660352328,10.655735544185063,7.252347684696934,-0.5354875329601135,6804.79726868155,1360000,141,-0.416645307968695,-0.416645307968695,-0.416645307968695,7.295564367244836,7.295564367244836,7.295564367244836,nan,141000
136,nan,nan,0.3105808,3.764471,1370,-0.04398204374582726,-0.4527390072651479,-0.5999689364241263,10.98211347287247,7.386895353137146,-0.5535882860552371,6934.156345871999,1370000,142,-0.42838331364748927,-0.42838331364748927,-0.42838331364748927,7.5114246230802335,7.5114246230802335,7.5114246230802335,nan,142000
137,nan,nan,0.31138784,3.76524,1380,-0.0167639926732038,-0.43497426385087673,-0.5999994277958258,9.484370551301708,6.394075123148468,-0.778771601637753,5959.10085929759,1380000,143,-0.4168076747448346,-0.4168076747448346,-0.4168076747448346,7.162386569162809,7.162386569162809,7.162386569162809,nan,143000
138,nan,nan,0.31194714,3.7643056,1390,-0.1280827674689592,-0.43923688348963835,-0.5999535949834244,10.125823888616878,7.121296763879281,-0.8747084434320312,6682.059880389641,1390000,144,-0.4118464686021029,-0.4118464686021029,-0.4118464686021029,7.126490111489915,7.126490111489915,7.126490111489915,nan,144000
139,nan,nan,0.31266695,3.7640164,1400,-0.06985370185381681,-0.460233346621281,-0.5999947309933397,10.63657129031796,7.028003992782634,-0.6409483530244167,6567.770646161352,1400000,145,-0.43164956984601816,-0.43164956984601816,-0.43164956984601816,6.866391592785879,6.866391592785879,6.866391592785879,nan,145000
140,nan,nan,0.3133224,3.7637181,1410,-0.0752645923618322,-0.4417333923048387,-0.5999621046424768,10.472309553884429,7.12163171479536,-0.7954287707466675,6679.898322490521,1410000,146,-0.41763133815142617,-0.41763133815142617,-0.41763133815142617,7.0972005729304195,7.0972005729304195,7.0972005729304195,nan,146000
141,nan,nan,0.3139007,3.7632053,1420,-0.06244182202837583,-0.4551239699491475,-0.6000000000000001,10.60929819608873,7.037913080985343,-0.5959933531635576,6582.789111036196,1420000,147,-0.4238328253494687,-0.4238328253494687,-0.4238328253494687,7.275595531906818,7.275595531906818,7.275595531906818,nan,147000
142,nan,nan,0.31460962,3.763556,1430,-0.058519992386736955,-0.47142064031592557,-0.6000000000000001,10.676677802808854,7.149037701086627,-0.6490240102567113,6677.617060770703,1430000,148,-0.4291674933400672,-0.4291674933400672,-0.4291674933400672,7.63546467073196,7.63546467073196,7.63546467073196,nan,148000
143,nan,nan,0.3153387,3.7634075,1440,-0.07498290806231162,-0.45180994242672934,-0.5999952555265523,10.732212128667697,7.137610246653456,-0.5576622353018297,6685.8003042267255,1440000,149,-0.4280263022014004,-0.4280263022014004,-0.4280263022014004,7.378523063825799,7.378523063825799,7.378523063825799,nan,149000
144,nan,nan,0.315924,3.7633152,1450,-0.03441077238712497,-0.45742247212968223,-0.5999806884273958,11.174382635520033,7.704940316625398,-0.6873444284276132,7247.5178444957155,1450000,150,-0.4406618255313662,-0.4406618255313662,-0.4406618255313662,7.608358528603177,7.608358528603177,7.608358528603177,nan,150000
145,nan,nan,0.31652555,3.7629435,1460,-0.02704078610500518,-0.4364831011838034,-0.5999729052980488,10.526933165641594,7.1398004182418005,-0.5446584763511554,6703.317317057998,1460000,151,-0.4165266520855055,-0.4165266520855055,-0.4165266520855055,7.136293321987605,7.136293321987605,7.136293321987605,nan,151000
146,nan,nan,0.31711316,3.762514,1470,-0.06870008320877075,-0.46894136032604994,-0.5999999403953641,10.442757899537582,7.295130349745082,-0.6355284505387768,6826.188989419032,1470000,152,-0.42670823272899716,-0.42670823272899716,-0.42670823272899716,7.217238659714009,7.217238659714009,7.217238659714009,nan,152000
147,nan,nan,0.3179805,3.763039,1480,-0.09073567891348022,-0.4580484677624917,-0.5999980330517314,10.224110910587854,7.018650835277015,-0.6372194146518904,6560.602367514523,1480000,153,-0.43166250434051334,-0.43166250434051334,-0.43166250434051334,8.195132377849351,8.195132377849351,8.195132377849351,nan,153000
148,nan,nan,0.31884938,3.7635148,1490,-0.08675596846605975,-0.46087297767011004,-0.5999954343196624,11.046406476791617,7.5548799935909905,-0.5516785105924608,7094.00701592088,1490000,154,-0.43987956699191516,-0.43987956699191516,-0.43987956699191516,7.5278114086788355,7.5278114086788355,7.5278114086788355,nan,154000
149,nan,nan,0.319675,3.7643685,1500,-0.05805183694681037,-0.46413434763636763,-0.5999999165535076,10.71231617129797,7.240864799025611,-0.7916535852250104,6776.730451389243,1500000,155,-0.4347563103411001,-0.4347563103411001,-0.4347563103411001,7.737969150063254,7.737969150063254,7.737969150063254,nan,155000
150,nan,nan,0.32052085,3.7648509,1510,-0.08078290814818372,-0.45976639819036336,-0.6000000000000001,11.399048750823795,7.525712071850015,-0.6297752964844985,7065.945673659652,1510000,156,-0.4323215248154973,-0.4323215248154973,-0.4323215248154973,7.810910225808357,7.810910225808357,7.810910225808357,nan,156000
151,nan,nan,0.32147756,3.7661846,1520,-0.07600251059742164,-0.47385461741390944,-0.6000000000000001,11.992772545838761,7.82224588007447,-0.6675464460157977,7348.391262660562,1520000,157,-0.43455646062814907,-0.43455646062814907,-0.43455646062814907,8.672358646915097,8.672358646915097,8.672358646915097,nan,157000
152,nan,nan,0.32254437,3.767846,1530,-0.11119163517458736,-0.46849503050603364,-0.5999922753165671,10.438209810109242,7.464926127972145,-0.8783223533319767,6996.431097466111,1530000,158,-0.4456331766331747,-0.4456331766331747,-0.4456331766331747,8.102978977814905,8.102978977814905,8.102978977814905,nan,158000
153,nan,nan,0.32342187,3.768994,1540,-0.0744859560940303,-0.46069494131246586,-0.6000000000000001,11.38851709964058,7.699773368325815,-0.8212723258396843,7239.078427013347,1540000,159,-0.43275686047466083,-0.43275686047466083,-0.43275686047466083,8.524389076713899,8.524389076713899,8.524389076713899,nan,159000
154,nan,nan,0.3243491,3.7699118,1550,-0.07618118268454976,-0.4535495740046159,-0.5999962091606016,12.04407943066144,8.367553141494408,-0.7789477224134644,7914.003567489793,1550000,160,-0.43263397606213366,-0.43263397606213366,-0.43263397606213366,7.507143889069107,7.507143889069107,7.507143889069107,nan,160000
155,nan,nan,0.32527003,3.771307,1560,-0.07370624140509216,-0.4774493289326792,-0.5999988079106572,10.826986607950175,7.057877789580135,-0.6667599849345298,6580.428460647456,1560000,161,-0.4369160491659806,-0.4369160491659806,-0.4369160491659806,7.486617558294026,7.486617558294026,7.486617558294026,nan,161000
156,nan,nan,0.32610798,3.7721195,1570,-0.0957835444671344,-0.49441446800933064,-0.6000000000000001,11.7530402470436,6.100816068117707,-0.6938844251616244,5606.401600108377,1570000,162,-0.44064210185113645,-0.44064210185113645,-0.44064210185113645,7.4967192032357195,7.4967192032357195,7.4967192032357195,nan,162000
157,nan,nan,0.327038,3.7728658,1580,-0.06551298091249291,-0.45689650688887584,-0.5999969363447238,10.805118696279123,7.572399436678152,-0.9211283022474313,7115.502929789278,1580000,163,-0.43316988135184026,-0.43316988135184026,-0.43316988135184026,7.917273123501357,7.917273123501357,7.917273123501357,nan,163000
158,nan,nan,0.32785502,3.7737594,1590,-0.04686756005143721,-0.4292801560592161,-0.5999980330550901,11.467151296205884,7.961984941119434,-0.7166200388377103,7532.704785060219,1590000,164,-0.4207129741836895,-0.4207129741836895,-0.4207129741836895,7.558637533591271,7.558637533591271,7.558637533591271,nan,164000
159,nan,nan,0.32866028,3.7741008,1600,-0.08783793147063007,-0.46627447851450626,-0.5999990582480809,11.525572450881327,7.773625138830728,-0.5164552560639565,7307.350660316221,1600000,165,-0.4198320858569925,-0.4198320858569925,-0.4198320858569925,8.109628574397622,8.109628574397622,8.109628574397622,nan,165000
160,nan,nan,0.32953513,3.7743363,1610,-0.0476812380611466,-0.46260735946968445,-0.5999992966664284,11.794593849645452,7.909395118957433,-0.6179080327552596,7446.787759487748,1610000,166,-0.4430136582941199,-0.4430136582941199,-0.4430136582941199,7.472675507915013,7.472675507915013,7.472675507915013,nan,166000
161,nan,nan,0.33038813,3.774874,1620,-0.0678896881130372,-0.458580000167272,-0.5999722377400257,12.272131186652189,8.05581332620535,-0.7650564167755491,7597.233326038078,1620000,167,-0.4382712439941038,-0.4382712439941038,-0.4382712439941038,7.671394118657293,7.671394118657293,7.671394118657293,nan,167000
162,nan,nan,0.3313152,3.775381,1630,-0.027120266615243596,-0.47355221510267065,-0.5998327256577689,11.094631020215502,7.657567371653262,-0.5881208392849674,7184.01515655059,1630000,168,-0.4372231528970675,-0.4372231528970675,-0.4372231528970675,8.253499490556738,8.253499490556738,8.253499490556738,nan,168000
163,nan,nan,0.33205092,3.7754796,1640,-0.07563830319361563,-0.44063649038791863,-0.5999958038553451,10.842752216534564,7.310760870682275,-0.8328758403720458,6870.124380294355,1640000,169,-0.4284439336474306,-0.4284439336474306,-0.4284439336474306,7.562566736948763,7.562566736948763,7.562566736948763,nan,169000
164,nan,nan,0.33272976,3.776264,1650,-0.10413023170006744,-0.47855996488235203,-0.599776935242111,10.94793704974137,6.747278985197824,-0.7020374396576526,6268.719020315473,1650000,170,-0.44114215609006485,-0.44114215609006485,-0.44114215609006485,7.41150901398859,7.41150901398859,7.41150901398859,nan,170000
165,nan,nan,0.3335572,3.7766738,1660,-0.05969547951089607,-0.4466920987558961,-0.5999937177691098,12.306366061311564,8.045966819420656,-0.658397355948618,7599.274720664759,1660000,171,-0.4283782693573901,-0.4283782693573901,-0.4283782693573901,8.31741183136384,8.31741183136384,8.31741183136384,nan,171000
166,nan,nan,0.33433503,3.777174,1670,-0.05338335670818431,-0.4542777033417767,-0.5999708072143239,11.4778081365057,7.815897944278827,-0.7262442860667974,7361.620240937051,1670000,172,-0.4340359346893602,-0.4340359346893602,-0.4340359346893602,8.249913027639389,8.249913027639389,8.249913027639389,nan,172000
167,nan,nan,0.33507422,3.7777584,1680,-0.17156685031145616,-0.4649059840316956,-0.5999515332330205,12.058422406870477,8.550951955794956,-0.662572605735523,8086.04597176326,1680000,173,-0.4253253811694611,-0.4253253811694611,-0.4253253811694611,7.763000357202327,7.763000357202327,7.763000357202327,nan,173000
168,nan,nan,0.33582214,3.7786174,1690,-0.09351314692376059,-0.4581796666845378,-0.599903356664381,11.97866261699005,8.151370450391354,-0.7101233728338929,7693.190783706816,1690000,174,-0.4320511628243286,-0.4320511628243286,-0.4320511628243286,7.943510982711196,7.943510982711196,7.943510982711196,nan,174000
169,nan,nan,0.33657858,3.7795486,1700,-0.05807520168750522,-0.4550744675752421,-0.5998964923206679,11.224860859783803,7.898671817245109,-0.9205648810179697,7443.597349669866,1700000,175,-0.4178597112735371,-0.4178597112735371,-0.4178597112735371,8.17471642399305,8.17471642399305,8.17471642399305,nan,175000
170,nan,nan,0.33739325,3.7801769,1710,-0.09710890233614666,-0.46413433982003055,-0.6000000000000001,11.543463856718859,7.325586886822584,-1.113576597040833,6861.452547002553,1710000,176,-0.4483341690376921,-0.4483341690376921,-0.4483341690376921,7.875272772257199,7.875272772257199,7.875272772257199,nan,176000
171,nan,nan,0.338017,3.7805974,1720,-0.056798169873633245,-0.4574847833765705,-0.5999989390388795,11.889266256650899,7.8279720923187055,-0.6471146897472618,7370.4873089421335,1720000,177,-0.43585948581967765,-0.43585948581967765,-0.43585948581967765,7.7163166278945,7.7163166278945,7.7163166278945,nan,177000
172,nan,nan,0.3386986,3.7806091,1730,-0.08092895021367129,-0.46107271868858907,-0.5998651836072003,12.38368240072532,8.144449172669509,-0.544686544441986,7683.37645398092,1730000,178,-0.43887567194709315,-0.43887567194709315,-0.43887567194709315,8.36548103443357,8.36548103443357,8.36548103443357,nan,178000
173,nan,nan,0.33936518,3.7806365,1740,-0.0650804004771417,-0.46532687143920465,-0.5999846817939603,11.882680924854867,8.285404381784062,-0.49183138553375527,7820.077510344857,1740000,179,-0.4304407413256636,-0.4304407413256636,-0.4304407413256636,7.754026384178193,7.754026384178193,7.754026384178193,nan,179000
174,nan,nan,0.34016126,3.781341,1750,-0.06784861291717,-0.4678799703826934,-0.5999854925921707,12.855591215445656,8.7801651368451,-0.570365168510561,8312.285166462409,1750000,180,-0.43119652792054164,-0.43119652792054164,-0.43119652792054164,8.324763576006815,8.324763576006815,8.324763576006815,nan,180000
